Abomasnow,,Grass,Ice
Abomasnow,Abomasnow-Mega,Grass,Ice
Abra,,Psychic,
Absol,,Dark,
Absol,Absol-Mega,Dark,
Accelgor,,Bug,
Aegislash,Blade Forme,Steel,Ghost
Aegislash,Shield Forme,Steel,Ghost
Aerodactyl,,Rock,Flying
Aerodactyl,Aerodactyl-Mega,Rock,Flying
Aggron,,Steel,Rock
Aggron,Aggron-Mega,Steel,
Aipom,,Normal,
Alakazam,,Psychic,
Alakazam,Alakazam-Mega,Psychic,
Alcremie,,Fairy,
Alomomola,,Water,
Altaria,,Dragon,Flying
Altaria,Altaria-Mega,Dragon,Fairy
Amaura,,Rock,Ice
Ambipom,,Normal,
Amoonguss,,Grass,Poison
Ampharos,,Electric,
Ampharos,Ampharos-Mega,Electric,Dragon
Annihilape,,Fighting,Ghost
Anorith,,Rock,Bug
Appletun,,Grass,Dragon
Applin,,Grass,Dragon
Araquanid,,Water,Bug
Arbok,,Poison,
Arboliva,,Grass,Normal
Arcanine,,Fire,
Arcanine,Hisuian Arcanine,Fire,Rock
Arceus,,Normal,
Archaludon,,Steel,Dragon
Archen,,Rock,Flying
Archeops,,Rock,Flying
Arctibax,,Dragon,Ice
Arctovish,,Water,Ice
Arctozolt,,Electric,Ice
Ariados,,Bug,Poison
Armaldo,,Rock,Bug
Armarouge,,Fire,Psychic
Aromatisse,,Fairy,
Aron,,Steel,Rock
Arrokuda,,Water,
Articuno,,Ice,Flying
Articuno,Galarian Articuno,Psychic,Flying
Audino,,Normal,
Audino,Audino-Mega,Normal,Fairy
Aurorus,,Rock,Ice
Avalugg,,Ice,
Avalugg,Hisuian Avalugg,Ice,Rock
Axew,,Dragon,
Azelf,,Psychic,
Azumarill,,Water,Fairy
Azurill,,Normal,Fairy
Bagon,,Dragon,
Baltoy,,Ground,Psychic
Banette,,Ghost,
Banette,Banette-Mega,Ghost,
Barbaracle,,Rock,Water
Barboach,,Water,Ground
Barraskewda,,Water,
Basculegion,Female,Water,Ghost
Basculegion,Male,Water,Ghost
Basculin,Blue-Striped Form,Water,
Basculin,Red-Striped Form,Water,
Basculin,White-Striped Form,Water,
Bastiodon,,Rock,Steel
Baxcalibur,,Dragon,Ice
Bayleef,,Grass,
Beartic,,Ice,
Beautifly,,Bug,Flying
Beedrill,,Bug,Poison
Beedrill,Beedrill-Mega,Bug,Poison
Beheeyem,,Psychic,
Beldum,,Steel,Psychic
Bellibolt,,Electric,
Bellossom,,Grass,
Bellsprout,,Grass,Poison
Bergmite,,Ice,
Bewear,,Normal,Fighting
Bibarel,,Normal,Water
Bidoof,,Normal,
Binacle,,Rock,Water
Bisharp,,Dark,Steel
Blacephalon,,Fire,Ghost
Blastoise,,Water,
Blastoise,Blastoise-Mega,Water,
Blaziken,,Fire,Fighting
Blaziken,Blaziken-Mega,Fire,Fighting
Blipbug,,Bug,
Blissey,,Normal,
Blitzle,,Electric,
Boldore,,Rock,
Boltund,,Electric,
Bombirdier,,Flying,Dark
Bonsly,,Rock,
Bouffalant,,Normal,
Bounsweet,,Grass,
Braixen,,Fire,
Brambleghast,,Grass,Ghost
Bramblin,,Grass,Ghost
Braviary,,Normal,Flying
Braviary,Hisuian Braviary,Psychic,Flying
Breloom,,Grass,Fighting
Brionne,,Water,
Bronzong,,Steel,Psychic
Bronzor,,Steel,Psychic
Brute Bonnet,,Grass,Dark
Bruxish,,Water,Psychic
Budew,,Grass,Poison
Buizel,,Water,
Bulbasaur,,Grass,Poison
Buneary,,Normal,
Bunnelby,,Normal,
Burmy,Plant Cloak,Bug,
Burmy,Sandy Cloak,Bug,
Burmy,Trash Cloak,Bug,
Butterfree,,Bug,Flying
Buzzwole,,Bug,Fighting
Cacnea,,Grass,
Cacturne,,Grass,Dark
Calyrex,,Psychic,Grass
Calyrex,Ice Rider,Psychic,Ice
Calyrex,Shadow Rider,Psychic,Ghost
Camerupt,,Fire,Ground
Camerupt,Camerupt-Mega,Fire,Ground
Capsakid,,Grass,
Carbink,,Rock,Fairy
Carkol,,Rock,Fire
Carnivine,,Grass,
Carracosta,,Water,Rock
Carvanha,,Water,Dark
Cascoon,,Bug,
Castform,,Normal,
Castform,Rainy Form,Water,
Castform,Snowy Form,Ice,
Castform,Sunny Form,Fire,
Caterpie,,Bug,
Celebi,,Psychic,Grass
Celesteela,,Steel,Flying
Centiskorch,,Fire,Bug
Ceruledge,,Fire,Ghost
Cetitan,,Ice,
Cetoddle,,Ice,
Chandelure,,Ghost,Fire
Chansey,,Normal,
Charcadet,,Fire,
Charizard,,Fire,Flying
Charizard,Charizard-Mega-X,Fire,Dragon
Charizard,Charizard-Mega-Y,Fire,Flying
Charjabug,,Bug,Electric
Charmander,,Fire,
Charmeleon,,Fire,
Chatot,,Normal,Flying
Cherrim,,Grass,
Cherubi,,Grass,
Chesnaught,,Grass,Fighting
Chespin,,Grass,
Chewtle,,Water,
Chi-Yu,,Dark,Fire
Chien-Pao,,Dark,Ice
Chikorita,,Grass,
Chimchar,,Fire,
Chimecho,,Psychic,
Chinchou,,Water,Electric
Chingling,,Psychic,
Cinccino,,Normal,
Cinderace,,Fire,
Clamperl,,Water,
Clauncher,,Water,
Clawitzer,,Water,
Claydol,,Ground,Psychic
Clefable,,Fairy,
Clefairy,,Fairy,
Cleffa,,Fairy,
Clobbopus,,Fighting,
Clodsire,,Poison,Ground
Cloyster,,Water,Ice
Coalossal,,Rock,Fire
Cobalion,,Steel,Fighting
Cofagrigus,,Ghost,
Combee,,Bug,Flying
Combusken,,Fire,Fighting
Comfey,,Fairy,
Conkeldurr,,Fighting,
Copperajah,,Steel,
Corphish,,Water,
Corsola,,Water,Rock
Corsola,Galarian Corsola,Ghost,
Corviknight,,Flying,Steel
Corvisquire,,Flying,
Cosmoem,,Psychic,
Cosmog,,Psychic,
Cottonee,,Grass,Fairy
Crabominable,,Fighting,Ice
Crabrawler,,Fighting,
Cradily,,Rock,Grass
Cramorant,,Flying,Water
Cranidos,,Rock,
Crawdaunt,,Water,Dark
Cresselia,,Psychic,
Croagunk,,Poison,Fighting
Crobat,,Poison,Flying
Crocalor,,Fire,
Croconaw,,Water,
Crustle,,Bug,Rock
Cryogonal,,Ice,
Cubchoo,,Ice,
Cubone,,Ground,
Cufant,,Steel,
Cursola,,Ghost,
Cutiefly,,Bug,Fairy
Cyclizar,,Dragon,Normal
Cyndaquil,,Fire,
Dachsbun,,Fairy,
Darkrai,,Dark,
Darmanitan,Galarian Standard Mode,Ice,
Darmanitan,Galarian Zen Mode,Ice,Fire
Darmanitan,Standard Mode,Fire,
Darmanitan,Zen Mode,Fire,Psychic
Dartrix,,Grass,Flying
Darumaka,,Fire,
Darumaka,Galarian Darumaka,Ice,
Decidueye,,Grass,Ghost
Decidueye,Hisuian Decidueye,Grass,Fighting
Dedenne,,Electric,Fairy
Deerling,,Normal,Grass
Deino,,Dark,Dragon
Delcatty,,Normal,
Delibird,,Ice,Flying
Delphox,,Fire,Psychic
Deoxys,Attack Forme,Psychic,
Deoxys,Defense Forme,Psychic,
Deoxys,Normal Forme,Psychic,
Deoxys,Speed Forme,Psychic,
Dewgong,,Water,Ice
Dewott,,Water,
Dewpider,,Water,Bug
Dhelmise,,Ghost,Grass
Dialga,,Steel,Dragon
Dialga,Origin Forme,Steel,Dragon
Diancie,,Rock,Fairy
Diancie,Diancie-Mega,Rock,Fairy
Diggersby,,Normal,Ground
Diglett,,Ground,
Diglett,Alolan Diglett,Ground,Steel
Dipplin,,Grass,Dragon
Ditto,,Normal,
Dodrio,,Normal,Flying
Doduo,,Normal,Flying
Dolliv,,Grass,Normal
Dondozo,,Water,
Donphan,,Ground,
Dottler,,Bug,Psychic
Doublade,,Steel,Ghost
Dracovish,,Water,Dragon
Dracozolt,,Electric,Dragon
Dragalge,,Poison,Dragon
Dragapult,,Dragon,Ghost
Dragonair,,Dragon,
Dragonite,,Dragon,Flying
Dragonite,Dragonite-Mega,Dragon,Flying
Drakloak,,Dragon,Ghost
Drampa,,Normal,Dragon
Drapion,,Poison,Dark
Dratini,,Dragon,
Drednaw,,Water,Rock
Dreepy,,Dragon,Ghost
Drifblim,,Ghost,Flying
Drifloon,,Ghost,Flying
Drilbur,,Ground,
Drizzile,,Water,
Drowzee,,Psychic,
Druddigon,,Dragon,
Dubwool,,Normal,
Ducklett,,Water,Flying
Dudunsparce,Three-Segment Form,Normal,
Dudunsparce,Two-Segment Form,Normal,
Dugtrio,,Ground,
Dugtrio,Alolan Dugtrio,Ground,Steel
Dunsparce,,Normal,
Duosion,,Psychic,
Duraludon,,Steel,Dragon
Durant,,Bug,Steel
Dusclops,,Ghost,
Dusknoir,,Ghost,
Duskull,,Ghost,
Dustox,,Bug,Poison
Dwebble,,Bug,Rock
Eelektrik,,Electric,
Eelektross,,Electric,
Eevee,,Normal,
Eevee,Partner Eevee,Normal,
Eiscue,Ice Face,Ice,
Eiscue,Noice Face,Ice,
Ekans,,Poison,
Eldegoss,,Grass,
Electabuzz,,Electric,
Electivire,,Electric,
Electrike,,Electric,
Electrode,,Electric,
Electrode,Hisuian Electrode,Electric,Grass
Elekid,,Electric,
Elgyem,,Psychic,
Emboar,,Fire,Fighting
Emolga,,Electric,Flying
Empoleon,,Water,Steel
Enamorus,Incarnate Forme,Fairy,Flying
Enamorus,Therian Forme,Fairy,Flying
Entei,,Fire,
Escavalier,,Bug,Steel
Espathra,,Psychic,
Espeon,,Psychic,
Espurr,,Psychic,
Eternatus,,Poison,Dragon
Eternatus,Eternamax,Poison,Dragon
Excadrill,,Ground,Steel
Exeggcute,,Grass,Psychic
Exeggutor,,Grass,Psychic
Exeggutor,Alolan Exeggutor,Grass,Dragon
Exploud,,Normal,
Falinks,,Fighting,
Farfetch'd,,Normal,Flying
Farfetch'd,Galarian Farfetch'd,Fighting,
Farigiraf,,Normal,Psychic
Fearow,,Normal,Flying
Feebas,,Water,
Fennekin,,Fire,
Feraligatr,,Water,
Ferroseed,,Grass,Steel
Ferrothorn,,Grass,Steel
Fezandipiti,,Poison,Fairy
Fidough,,Fairy,
Finizen,,Water,
Finneon,,Water,
Flaaffy,,Electric,
Flabébé,,Fairy,
Flamigo,,Flying,Fighting
Flapple,,Grass,Dragon
Flareon,,Fire,
Fletchinder,,Fire,Flying
Fletchling,,Normal,Flying
Flittle,,Psychic,
Floatzel,,Water,
Floette,,Fairy,
Floette,Eternal Floette,Fairy,
Floette,Floette-Mega,Fairy,
Floragato,,Grass,
Florges,,Fairy,
Flutter Mane,,Ghost,Fairy
Flygon,,Ground,Dragon
Fomantis,,Grass,
Foongus,,Grass,Poison
Forretress,,Bug,Steel
Fraxure,,Dragon,
Frigibax,,Dragon,Ice
Frillish,,Water,Ghost
Froakie,,Water,
Frogadier,,Water,
Froslass,,Ice,Ghost
Frosmoth,,Ice,Bug
Fuecoco,,Fire,
Furfrou,,Normal,
Furret,,Normal,
Gabite,,Dragon,Ground
Gallade,,Psychic,Fighting
Gallade,Gallade-Mega,Psychic,Fighting
Galvantula,,Bug,Electric
Garbodor,,Poison,
Garchomp,,Dragon,Ground
Garchomp,Garchomp-Mega,Dragon,Ground
Gardevoir,,Psychic,Fairy
Gardevoir,Gardevoir-Mega,Psychic,Fairy
Garganacl,,Rock,
Gastly,,Ghost,Poison
Gastrodon,,Water,Ground
Genesect,,Bug,Steel
Gengar,,Ghost,Poison
Gengar,Gengar-Mega,Ghost,Poison
Geodude,,Rock,Ground
Geodude,Alolan Geodude,Rock,Electric
Gholdengo,,Steel,Ghost
Gible,,Dragon,Ground
Gigalith,,Rock,
Gimmighoul,Chest Form,Ghost,
Gimmighoul,Roaming Form,Ghost,
Girafarig,,Normal,Psychic
Giratina,Altered Forme,Ghost,Dragon
Giratina,Origin Forme,Ghost,Dragon
Glaceon,,Ice,
Glalie,,Ice,
Glalie,Glalie-Mega,Ice,
Glameow,,Normal,
Glastrier,,Ice,
Gligar,,Ground,Flying
Glimmet,,Rock,Poison
Glimmora,,Rock,Poison
Gliscor,,Ground,Flying
Gloom,,Grass,Poison
Gogoat,,Grass,
Golbat,,Poison,Flying
Goldeen,,Water,
Golduck,,Water,
Golem,,Rock,Ground
Golem,Alolan Golem,Rock,Electric
Golett,,Ground,Ghost
Golisopod,,Bug,Water
Golurk,,Ground,Ghost
Goodra,,Dragon,
Goodra,Hisuian Goodra,Steel,Dragon
Goomy,,Dragon,
Gorebyss,,Water,
Gossifleur,,Grass,
Gothita,,Psychic,
Gothitelle,,Psychic,
Gothorita,,Psychic,
Gouging Fire,,Fire,Dragon
Gourgeist,Average Size,Ghost,Grass
Gourgeist,Large Size,Ghost,Grass
Gourgeist,Small Size,Ghost,Grass
Gourgeist,Super Size,Ghost,Grass
Grafaiai,,Poison,Normal
Granbull,,Fairy,
Grapploct,,Fighting,
Graveler,,Rock,Ground
Graveler,Alolan Graveler,Rock,Electric
Great Tusk,,Ground,Fighting
Greavard,,Ghost,
Greedent,,Normal,
Greninja,,Water,Dark
Greninja,Ash-Greninja,Water,Dark
Grimer,,Poison,
Grimer,Alolan Grimer,Poison,Dark
Grimmsnarl,,Dark,Fairy
Grookey,,Grass,
Grotle,,Grass,
Groudon,,Ground,
Groudon,Primal Groudon,Ground,Fire
Grovyle,,Grass,
Growlithe,,Fire,
Growlithe,Hisuian Growlithe,Fire,Rock
Grubbin,,Bug,
Grumpig,,Psychic,
Gulpin,,Poison,
Gumshoos,,Normal,
Gurdurr,,Fighting,
Guzzlord,,Dark,Dragon
Gyarados,,Water,Flying
Gyarados,Gyarados-Mega,Water,Dark
Hakamo-o,,Dragon,Fighting
Happiny,,Normal,
Hariyama,,Fighting,
Hatenna,,Psychic,
Hatterene,,Psychic,Fairy
Hattrem,,Psychic,
Haunter,,Ghost,Poison
Hawlucha,,Fighting,Flying
Hawlucha,Hawlucha-Mega,Fighting,Flying
Haxorus,,Dragon,
Heatmor,,Fire,
Heatran,,Fire,Steel
Heliolisk,,Electric,Normal
Helioptile,,Electric,Normal
Heracross,,Bug,Fighting
Heracross,Heracross-Mega,Bug,Fighting
Herdier,,Normal,
Hippopotas,,Ground,
Hippowdon,,Ground,
Hitmonchan,,Fighting,
Hitmonlee,,Fighting,
Hitmontop,,Fighting,
Ho-oh,,Fire,Flying
Honchkrow,,Dark,Flying
Honedge,,Steel,Ghost
Hoopa,Hoopa Confined,Psychic,Ghost
Hoopa,Hoopa Unbound,Psychic,Dark
Hoothoot,,Normal,Flying
Hoppip,,Grass,Flying
Horsea,,Water,
Houndoom,,Dark,Fire
Houndoom,Houndoom-Mega,Dark,Fire
Houndour,,Dark,Fire
Houndstone,,Ghost,
Huntail,,Water,
Hydrapple,,Grass,Dragon
Hydreigon,,Dark,Dragon
Hypno,,Psychic,
Igglybuff,,Normal,Fairy
Illumise,,Bug,
Impidimp,,Dark,Fairy
Incineroar,,Fire,Dark
Indeedee,Female,Psychic,Normal
Indeedee,Male,Psychic,Normal
Infernape,,Fire,Fighting
Inkay,,Dark,Psychic
Inteleon,,Water,
Iron Boulder,,Rock,Psychic
Iron Bundle,,Ice,Water
Iron Crown,,Steel,Psychic
Iron Hands,,Fighting,Electric
Iron Jugulis,,Dark,Flying
Iron Leaves,,Grass,Psychic
Iron Moth,,Fire,Poison
Iron Thorns,,Rock,Electric
Iron Treads,,Ground,Steel
Iron Valiant,,Fairy,Fighting
Ivysaur,,Grass,Poison
Jangmo-o,,Dragon,
Jellicent,,Water,Ghost
Jigglypuff,,Normal,Fairy
Jirachi,,Steel,Psychic
Jolteon,,Electric,
Joltik,,Bug,Electric
Jumpluff,,Grass,Flying
Jynx,,Ice,Psychic
Kabuto,,Rock,Water
Kabutops,,Rock,Water
Kadabra,,Psychic,
Kakuna,,Bug,Poison
Kangaskhan,,Normal,
Kangaskhan,Kangaskhan-Mega,Normal,
Karrablast,,Bug,
Kartana,,Grass,Steel
Kecleon,,Normal,
Keldeo,Ordinary Form,Water,Fighting
Keldeo,Resolute Form,Water,Fighting
Kilowattrel,,Electric,Flying
Kingambit,,Dark,Steel
Kingdra,,Water,Dragon
Kingler,,Water,
Kirlia,,Psychic,Fairy
Klang,,Steel,
Klawf,,Rock,
Kleavor,,Bug,Rock
Klefki,,Steel,Fairy
Klink,,Steel,
Klinklang,,Steel,
Koffing,,Poison,
Komala,,Normal,
Kommo-o,,Dragon,Fighting
Koraidon,,Fighting,Dragon
Krabby,,Water,
Kricketot,,Bug,
Kricketune,,Bug,
Krokorok,,Ground,Dark
Krookodile,,Ground,Dark
Kubfu,,Fighting,
Kyogre,,Water,
Kyogre,Primal Kyogre,Water,
Kyurem,,Dragon,Ice
Kyurem,Black Kyurem,Dragon,Ice
Kyurem,White Kyurem,Dragon,Ice
Lairon,,Steel,Rock
Lampent,,Ghost,Fire
Landorus,Incarnate Forme,Ground,Flying
Landorus,Therian Forme,Ground,Flying
Lanturn,,Water,Electric
Lapras,,Water,Ice
Larvesta,,Bug,Fire
Larvitar,,Rock,Ground
Latias,,Dragon,Psychic
Latias,Latias-Mega,Dragon,Psychic
Latios,,Dragon,Psychic
Latios,Latios-Mega,Dragon,Psychic
Leafeon,,Grass,
Leavanny,,Bug,Grass
Lechonk,,Normal,
Ledian,,Bug,Flying
Ledyba,,Bug,Flying
Lickilicky,,Normal,
Lickitung,,Normal,
Liepard,,Dark,
Lileep,,Rock,Grass
Lilligant,,Grass,
Lilligant,Hisuian Lilligant,Grass,Fighting
Lillipup,,Normal,
Linoone,,Normal,
Linoone,Galarian Linoone,Dark,Normal
Litleo,,Fire,Normal
Litten,,Fire,
Litwick,,Ghost,Fire
Lokix,,Bug,Dark
Lombre,,Water,Grass
Lopunny,,Normal,
Lopunny,Lopunny-Mega,Normal,Fighting
Lotad,,Water,Grass
Loudred,,Normal,
Lucario,,Fighting,Steel
Lucario,Lucario-Mega,Fighting,Steel
Ludicolo,,Water,Grass
Lugia,,Psychic,Flying
Lumineon,,Water,
Lunala,,Psychic,Ghost
Lunatone,,Rock,Psychic
Lurantis,,Grass,
Luvdisc,,Water,
Luxio,,Electric,
Luxray,,Electric,
Lycanroc,Dusk Form,Rock,
Lycanroc,Midday Form,Rock,
Lycanroc,Midnight Form,Rock,
Mabosstiff,,Dark,
Machamp,,Fighting,
Machoke,,Fighting,
Machop,,Fighting,
Magby,,Fire,
Magcargo,,Fire,Rock
Magearna,,Steel,Fairy
Magikarp,,Water,
Magmar,,Fire,
Magmortar,,Fire,
Magnemite,,Electric,Steel
Magneton,,Electric,Steel
Magnezone,,Electric,Steel
Makuhita,,Fighting,
Malamar,,Dark,Psychic
Malamar,Malamar-Mega,Dark,Psychic
Mamoswine,,Ice,Ground
Manaphy,,Water,
Mandibuzz,,Dark,Flying
Manectric,,Electric,
Manectric,Manectric-Mega,Electric,
Mankey,,Fighting,
Mantine,,Water,Flying
Mantyke,,Water,Flying
Maractus,,Grass,
Mareanie,,Poison,Water
Mareep,,Electric,
Marill,,Water,Fairy
Marowak,,Ground,
Marowak,Alolan Marowak,Fire,Ghost
Marshadow,,Fighting,Ghost
Marshtomp,,Water,Ground
Maschiff,,Dark,
Masquerain,,Bug,Flying
Maushold,Family of Four,Normal,
Maushold,Family of Three,Normal,
Mawile,,Steel,Fairy
Mawile,Mawile-Mega,Steel,Fairy
Medicham,,Fighting,Psychic
Medicham,Medicham-Mega,Fighting,Psychic
Meditite,,Fighting,Psychic
Meganium,,Grass,
Melmetal,,Steel,
Meloetta,Aria Forme,Normal,Psychic
Meloetta,Pirouette Forme,Normal,Fighting
Meltan,,Steel,
Meowscarada,,Grass,Dark
Meowstic,Female,Psychic,
Meowstic,Male,Psychic,
Meowth,,Normal,
Meowth,Alolan Meowth,Dark,
Meowth,Galarian Meowth,Steel,
Mesprit,,Psychic,
Metagross,,Steel,Psychic
Metagross,Metagross-Mega,Steel,Psychic
Metang,,Steel,Psychic
Metapod,,Bug,
Mew,,Psychic,
Mewtwo,,Psychic,
Mewtwo,Mewtwo-Mega-X,Psychic,Fighting
Mewtwo,Mewtwo-Mega-Y,Psychic,
Mienfoo,,Fighting,
Mienshao,,Fighting,
Mightyena,,Dark,
Milcery,,Fairy,
Milotic,,Water,
Miltank,,Normal,
Mime Jr.,,Psychic,Fairy
Mimikyu,,Ghost,Fairy
Minccino,,Normal,
Minior,Core Form,Rock,Flying
Minior,Meteor Form,Rock,Flying
Minun,,Electric,
Miraidon,,Electric,Dragon
Misdreavus,,Ghost,
Mismagius,,Ghost,
Moltres,,Fire,Flying
Moltres,Galarian Moltres,Dark,Flying
Monferno,,Fire,Fighting
Morelull,,Grass,Fairy
Morgrem,,Dark,Fairy
Morpeko,Full Belly Mode,Electric,Dark
Morpeko,Hangry Mode,Electric,Dark
Mothim,,Bug,Flying
Mr. Mime,,Psychic,Fairy
Mr. Mime,Galarian Mr. Mime,Ice,Psychic
Mr. Rime,,Ice,Psychic
Mudbray,,Ground,
Mudkip,,Water,
Mudsdale,,Ground,
Muk,,Poison,
Muk,Alolan Muk,Poison,Dark
Munchlax,,Normal,
Munkidori,,Poison,Psychic
Munna,,Psychic,
Murkrow,,Dark,Flying
Musharna,,Psychic,
Nacli,,Rock,
Naclstack,,Rock,
Naganadel,,Poison,Dragon
Natu,,Psychic,Flying
Necrozma,,Psychic,
Necrozma,Dawn Wings Necrozma,Psychic,Ghost
Necrozma,Dusk Mane Necrozma,Psychic,Steel
Necrozma,Ultra Necrozma,Psychic,Dragon
Nickit,,Dark,
Nidoking,,Poison,Ground
Nidoqueen,,Poison,Ground
Nidoran♀,,Poison,
Nidoran♂,,Poison,
Nidorina,,Poison,
Nidorino,,Poison,
Nihilego,,Rock,Poison
Nincada,,Bug,Ground
Ninetales,,Fire,
Ninetales,Alolan Ninetales,Ice,Fairy
Ninjask,,Bug,Flying
Noctowl,,Normal,Flying
Noibat,,Flying,Dragon
Noivern,,Flying,Dragon
Nosepass,,Rock,
Numel,,Fire,Ground
Nuzleaf,,Grass,Dark
Nymble,,Bug,
Obstagoon,,Dark,Normal
Octillery,,Water,
Oddish,,Grass,Poison
Ogerpon,Cornerstone Mask,Grass,Rock
Ogerpon,Hearthflame Mask,Grass,Fire
Ogerpon,Teal Mask,Grass,
Ogerpon,Wellspring Mask,Grass,Water
Oinkologne,Female,Normal,
Oinkologne,Male,Normal,
Okidogi,,Poison,Fighting
Omanyte,,Rock,Water
Omastar,,Rock,Water
Onix,,Rock,Ground
Oranguru,,Normal,Psychic
Orbeetle,,Bug,Psychic
Oricorio,Baile Style,Fire,Flying
Oricorio,Pa'u Style,Psychic,Flying
Oricorio,Pom-Pom Style,Electric,Flying
Oricorio,Sensu Style,Ghost,Flying
Orthworm,,Steel,
Oshawott,,Water,
Overqwil,,Dark,Poison
Pachirisu,,Electric,
Palafin,Hero Form,Water,
Palafin,Zero Form,Water,
Palkia,,Water,Dragon
Palkia,Origin Forme,Water,Dragon
Palossand,,Ghost,Ground
Palpitoad,,Water,Ground
Pancham,,Fighting,
Pangoro,,Fighting,Dark
Panpour,,Water,
Pansage,,Grass,
Pansear,,Fire,
Paras,,Bug,Grass
Parasect,,Bug,Grass
Passimian,,Fighting,
Patrat,,Normal,
Pawmi,,Electric,
Pawmo,,Electric,Fighting
Pawmot,,Electric,Fighting
Pawniard,,Dark,Steel
Pecharunt,,Poison,Ghost
Pelipper,,Water,Flying
Perrserker,,Steel,
Persian,,Normal,
Persian,Alolan Persian,Dark,
Petilil,,Grass,
Phanpy,,Ground,
Phantump,,Ghost,Grass
Pheromosa,,Bug,Fighting
Phione,,Water,
Pichu,,Electric,
Pidgeot,,Normal,Flying
Pidgeot,Pidgeot-Mega,Normal,Flying
Pidgeotto,,Normal,Flying
Pidgey,,Normal,Flying
Pidove,,Normal,Flying
Pignite,,Fire,Fighting
Pikachu,,Electric,
Pikachu,Partner Pikachu,Electric,
Pikipek,,Normal,Flying
Piloswine,,Ice,Ground
Pincurchin,,Electric,
Pineco,,Bug,
Pinsir,,Bug,
Pinsir,Pinsir-Mega,Bug,Flying
Piplup,,Water,
Plusle,,Electric,
Poipole,,Poison,
Politoed,,Water,
Poliwag,,Water,
Poliwhirl,,Water,
Poliwrath,,Water,Fighting
Poltchageist,,Grass,Ghost
Polteageist,,Ghost,
Ponyta,,Fire,
Ponyta,Galarian Ponyta,Psychic,
Poochyena,,Dark,
Popplio,,Water,
Porygon-Z,,Normal,
Porygon,,Normal,
Porygon2,,Normal,
Primarina,,Water,Fairy
Primeape,,Fighting,
Prinplup,,Water,
Probopass,,Rock,Steel
Psyduck,,Water,
Pumpkaboo,Average Size,Ghost,Grass
Pumpkaboo,Large Size,Ghost,Grass
Pumpkaboo,Small Size,Ghost,Grass
Pumpkaboo,Super Size,Ghost,Grass
Pupitar,,Rock,Ground
Purrloin,,Dark,
Purugly,,Normal,
Pyroar,,Fire,Normal
Pyukumuku,,Water,
Quagsire,,Water,Ground
Quaquaval,,Water,Fighting
Quaxly,,Water,
Quaxwell,,Water,
Quilava,,Fire,
Quilladin,,Grass,
Qwilfish,,Water,Poison
Qwilfish,Hisuian Qwilfish,Dark,Poison
Raboot,,Fire,
Rabsca,,Bug,Psychic
Raging Bolt,,Electric,Dragon
Raichu,,Electric,
Raichu,Alolan Raichu,Electric,Psychic
Raikou,,Electric,
Ralts,,Psychic,Fairy
Rampardos,,Rock,
Rapidash,,Fire,
Rapidash,Galarian Rapidash,Psychic,Fairy
Raticate,,Normal,
Raticate,Alolan Raticate,Dark,Normal
Rattata,,Normal,
Rattata,Alolan Rattata,Dark,Normal
Rayquaza,,Dragon,Flying
Rayquaza,Rayquaza-Mega,Dragon,Flying
Regice,,Ice,
Regidrago,,Dragon,
Regieleki,,Electric,
Regigigas,,Normal,
Regirock,,Rock,
Registeel,,Steel,
Relicanth,,Water,Rock
Rellor,,Bug,
Remoraid,,Water,
Reshiram,,Dragon,Fire
Reuniclus,,Psychic,
Revavroom,,Steel,Poison
Rhydon,,Ground,Rock
Rhyhorn,,Ground,Rock
Rhyperior,,Ground,Rock
Ribombee,,Bug,Fairy
Rillaboom,,Grass,
Riolu,,Fighting,
Roaring Moon,,Dragon,Dark
Rockruff,,Rock,
Rockruff,Own Tempo Rockruff,Rock,
Roggenrola,,Rock,
Rolycoly,,Rock,
Rookidee,,Flying,
Roselia,,Grass,Poison
Roserade,,Grass,Poison
Rotom,,Electric,Ghost
Rotom,Fan Rotom,Electric,Flying
Rotom,Frost Rotom,Electric,Ice
Rotom,Heat Rotom,Electric,Fire
Rotom,Mow Rotom,Electric,Grass
Rotom,Wash Rotom,Electric,Water
Rowlet,,Grass,Flying
Rufflet,,Normal,Flying
Runerigus,,Ground,Ghost
Sableye,,Dark,Ghost
Sableye,Sableye-Mega,Dark,Ghost
Salamence,,Dragon,Flying
Salamence,Salamence-Mega,Dragon,Flying
Salandit,,Poison,Fire
Salazzle,,Poison,Fire
Samurott,,Water,
Samurott,Hisuian Samurott,Water,Dark
Sandaconda,,Ground,
Sandile,,Ground,Dark
Sandshrew,,Ground,
Sandshrew,Alolan Sandshrew,Ice,Steel
Sandslash,,Ground,
Sandslash,Alolan Sandslash,Ice,Steel
Sandy Shocks,,Electric,Ground
Sandygast,,Ghost,Ground
Sawk,,Fighting,
Sawsbuck,,Normal,Grass
Scatterbug,,Bug,
Sceptile,,Grass,
Sceptile,Sceptile-Mega,Grass,Dragon
Scizor,,Bug,Steel
Scizor,Scizor-Mega,Bug,Steel
Scolipede,,Bug,Poison
Scorbunny,,Fire,
Scovillain,,Grass,Fire
Scrafty,,Dark,Fighting
Scraggy,,Dark,Fighting
Scream Tail,,Fairy,Psychic
Scyther,,Bug,Flying
Seadra,,Water,
Seaking,,Water,
Sealeo,,Ice,Water
Seedot,,Grass,
Seel,,Water,
Seismitoad,,Water,Ground
Sentret,,Normal,
Serperior,,Grass,
Servine,,Grass,
Seviper,,Poison,
Sewaddle,,Bug,Grass
Sharpedo,,Water,Dark
Sharpedo,Sharpedo-Mega,Water,Dark
Shaymin,Land Forme,Grass,
Shaymin,Sky Forme,Grass,Flying
Shedinja,,Bug,Ghost
Shelgon,,Dragon,
Shellder,,Water,
Shellos,,Water,
Shelmet,,Bug,
Shieldon,,Rock,Steel
Shiftry,,Grass,Dark
Shiinotic,,Grass,Fairy
Shinx,,Electric,
Shroodle,,Poison,Normal
Shroomish,,Grass,
Shuckle,,Bug,Rock
Shuppet,,Ghost,
Sigilyph,,Psychic,Flying
Silcoon,,Bug,
Silicobra,,Ground,
Silvally,,Normal,
Simipour,,Water,
Simisage,,Grass,
Simisear,,Fire,
Sinistcha,,Grass,Ghost
Sinistea,,Ghost,
Sirfetch'd,,Fighting,
Sizzlipede,,Fire,Bug
Skarmory,,Steel,Flying
Skeledirge,,Fire,Ghost
Skiddo,,Grass,
Skiploom,,Grass,Flying
Skitty,,Normal,
Skorupi,,Poison,Bug
Skrelp,,Poison,Water
Skuntank,,Poison,Dark
Skwovet,,Normal,
Slaking,,Normal,
Slakoth,,Normal,
Sliggoo,,Dragon,
Sliggoo,Hisuian Sliggoo,Steel,Dragon
Slither Wing,,Bug,Fighting
Slowbro,,Water,Psychic
Slowbro,Galarian Slowbro,Poison,Psychic
Slowbro,Slowbro-Mega,Water,Psychic
Slowking,,Water,Psychic
Slowking,Galarian Slowking,Poison,Psychic
Slowpoke,,Water,Psychic
Slowpoke,Galarian Slowpoke,Psychic,
Slugma,,Fire,
Slurpuff,,Fairy,
Smeargle,,Normal,
Smoliv,,Grass,Normal
Smoochum,,Ice,Psychic
Sneasel,,Dark,Ice
Sneasel,Hisuian Sneasel,Fighting,Poison
Sneasler,,Fighting,Poison
Snivy,,Grass,
Snom,,Ice,Bug
Snorlax,,Normal,
Snorunt,,Ice,
Snover,,Grass,Ice
Snubbull,,Fairy,
Sobble,,Water,
Solgaleo,,Psychic,Steel
Solosis,,Psychic,
Solrock,,Rock,Psychic
Spearow,,Normal,Flying
Spectrier,,Ghost,
Spewpa,,Bug,
Spheal,,Ice,Water
Spidops,,Bug,
Spinarak,,Bug,Poison
Spinda,,Normal,
Spiritomb,,Ghost,Dark
Spoink,,Psychic,
Sprigatito,,Grass,
Spritzee,,Fairy,
Squawkabilly,Blue Plumage,Normal,Flying
Squawkabilly,Green Plumage,Normal,Flying
Squawkabilly,White Plumage,Normal,Flying
Squawkabilly,Yellow Plumage,Normal,Flying
Squirtle,,Water,
Stakataka,,Rock,Steel
Stantler,,Normal,
Staraptor,,Normal,Flying
Staravia,,Normal,Flying
Starly,,Normal,Flying
Starmie,,Water,Psychic
Staryu,,Water,
Steelix,,Steel,Ground
Steelix,Steelix-Mega,Steel,Ground
Steenee,,Grass,
Stonjourner,,Rock,
Stoutland,,Normal,
Stufful,,Normal,Fighting
Stunfisk,,Ground,Electric
Stunfisk,Galarian Stunfisk,Ground,Steel
Stunky,,Poison,Dark
Sudowoodo,,Rock,
Suicune,,Water,
Sunflora,,Grass,
Sunkern,,Grass,
Surskit,,Bug,Water
Swablu,,Normal,Flying
Swadloon,,Bug,Grass
Swalot,,Poison,
Swampert,,Water,Ground
Swampert,Swampert-Mega,Water,Ground
Swanna,,Water,Flying
Swellow,,Normal,Flying
Swinub,,Ice,Ground
Swirlix,,Fairy,
Swoobat,,Psychic,Flying
Sylveon,,Fairy,
Tadbulb,,Electric,
Taillow,,Normal,Flying
Talonflame,,Fire,Flying
Tandemaus,,Normal,
Tangela,,Grass,
Tangrowth,,Grass,
Tapu Bulu,,Grass,Fairy
Tapu Fini,,Water,Fairy
Tapu Koko,,Electric,Fairy
Tapu Lele,,Psychic,Fairy
Tarountula,,Bug,
Tatsugiri,Curly Form,Dragon,Water
Tatsugiri,Droopy Form,Dragon,Water
Tatsugiri,Stretchy Form,Dragon,Water
Tauros,,Normal,
Tauros,Aqua Breed,Fighting,Water
Tauros,Blaze Breed,Fighting,Fire
Tauros,Combat Breed,Fighting,
Teddiursa,,Normal,
Tentacool,,Water,Poison
Tentacruel,,Water,Poison
Tepig,,Fire,
Terapagos,Normal Form,Normal,
Terapagos,Stellar Form,Normal,
Terapagos,Terastal Form,Normal,
Terrakion,,Rock,Fighting
Thievul,,Dark,
Throh,,Fighting,
Thundurus,Incarnate Forme,Electric,Flying
Thundurus,Therian Forme,Electric,Flying
Thwackey,,Grass,
Timburr,,Fighting,
Ting-Lu,,Dark,Ground
Tinkatink,,Fairy,Steel
Tinkaton,,Fairy,Steel
Tinkatuff,,Fairy,Steel
Tirtouga,,Water,Rock
Toedscool,,Ground,Grass
Toedscruel,,Ground,Grass
Togedemaru,,Electric,Steel
Togekiss,,Fairy,Flying
Togepi,,Fairy,
Togetic,,Fairy,Flying
Torchic,,Fire,
Torkoal,,Fire,
Tornadus,Incarnate Forme,Flying,
Tornadus,Therian Forme,Flying,
Torracat,,Fire,
Torterra,,Grass,Ground
Totodile,,Water,
Toucannon,,Normal,Flying
Toxapex,,Poison,Water
Toxel,,Electric,Poison
Toxicroak,,Poison,Fighting
Toxtricity,Amped Form,Electric,Poison
Toxtricity,Low Key Form,Electric,Poison
Tranquill,,Normal,Flying
Trapinch,,Ground,
Treecko,,Grass,
Trevenant,,Ghost,Grass
Tropius,,Grass,Flying
Trubbish,,Poison,
Trumbeak,,Normal,Flying
Tsareena,,Grass,
Turtonator,,Fire,Dragon
Turtwig,,Grass,
Tympole,,Water,
Tynamo,,Electric,
Type: Null,,Normal,
Typhlosion,,Fire,
Typhlosion,Hisuian Typhlosion,Fire,Ghost
Tyranitar,,Rock,Dark
Tyranitar,Tyranitar-Mega,Rock,Dark
Tyrantrum,,Rock,Dragon
Tyrogue,,Fighting,
Tyrunt,,Rock,Dragon
Umbreon,,Dark,
Unfezant,,Normal,Flying
Unown,,Psychic,
Ursaluna,,Ground,Normal
Ursaluna,Bloodmoon,Ground,Normal
Ursaring,,Normal,
Urshifu,Rapid Strike Style,Fighting,Water
Urshifu,Single Strike Style,Fighting,Dark
Uxie,,Psychic,
Vanillish,,Ice,
Vanillite,,Ice,
Vanilluxe,,Ice,
Vaporeon,,Water,
Varoom,,Steel,Poison
Veluza,,Water,Psychic
Venipede,,Bug,Poison
Venomoth,,Bug,Poison
Venonat,,Bug,Poison
Venusaur,,Grass,Poison
Venusaur,Venusaur-Mega,Grass,Poison
Vespiquen,,Bug,Flying
Vibrava,,Ground,Dragon
Victini,,Psychic,Fire
Victreebel,,Grass,Poison
Victreebel,Victreebel-Mega,Grass,Poison
Vigoroth,,Normal,
Vikavolt,,Bug,Electric
Vileplume,,Grass,Poison
Virizion,,Grass,Fighting
Vivillon,,Bug,Flying
Volbeat,,Bug,
Volcanion,,Fire,Water
Volcarona,,Bug,Fire
Voltorb,,Electric,
Voltorb,Hisuian Voltorb,Electric,Grass
Vullaby,,Dark,Flying
Vulpix,,Fire,
Vulpix,Alolan Vulpix,Ice,
Wailmer,,Water,
Wailord,,Water,
Walking Wake,,Water,Dragon
Walrein,,Ice,Water
Wartortle,,Water,
Watchog,,Normal,
Wattrel,,Electric,Flying
Weavile,,Dark,Ice
Weedle,,Bug,Poison
Weepinbell,,Grass,Poison
Weezing,,Poison,
Weezing,Galarian Weezing,Poison,Fairy
Whimsicott,,Grass,Fairy
Whirlipede,,Bug,Poison
Whiscash,,Water,Ground
Whismur,,Normal,
Wigglytuff,,Normal,Fairy
Wiglett,,Water,
Wimpod,,Bug,Water
Wingull,,Water,Flying
Wishiwashi,School Form,Water,
Wishiwashi,Solo Form,Water,
Wo-Chien,,Dark,Grass
Wobbuffet,,Psychic,
Woobat,,Psychic,Flying
Wooloo,,Normal,
Wooper,,Water,Ground
Wooper,Paldean Wooper,Poison,Ground
Wormadam,Plant Cloak,Bug,Grass
Wormadam,Sandy Cloak,Bug,Ground
Wormadam,Trash Cloak,Bug,Steel
Wugtrio,,Water,
Wurmple,,Bug,
Wynaut,,Psychic,
Wyrdeer,,Normal,Psychic
Xatu,,Psychic,Flying
Xerneas,,Fairy,
Xurkitree,,Electric,
Yamask,,Ghost,
Yamask,Galarian Yamask,Ground,Ghost
Yamper,,Electric,
Yanma,,Bug,Flying
Yanmega,,Bug,Flying
Yungoos,,Normal,
Yveltal,,Dark,Flying
Zacian,Crowned Sword,Fairy,Steel
Zacian,Hero of Many Battles,Fairy,
Zamazenta,Crowned Shield,Fighting,Steel
Zamazenta,Hero of Many Battles,Fighting,
Zangoose,,Normal,
Zapdos,,Electric,Flying
Zapdos,Galarian Zapdos,Fighting,Flying
Zarude,,Dark,Grass
Zebstrika,,Electric,
Zekrom,,Dragon,Electric
Zeraora,,Electric,
Zigzagoon,,Normal,
Zigzagoon,Galarian Zigzagoon,Dark,Normal
Zoroark,,Dark,
Zoroark,Hisuian Zoroark,Normal,Ghost
Zorua,,Dark,
Zorua,Hisuian Zorua,Normal,Ghost
Zubat,,Poison,Flying
Zweilous,,Dark,Dragon
Zygarde,10% Forme,Dragon,Ground
Zygarde,50% Forme,Dragon,Ground
Zygarde,Complete Forme,Dragon,Ground
